epoch (ms),time (-13:00),elapsed (s),x-axis (T),y-axis (T),z-axis (T)
1574106591782,2019-11-18T14:49:51.782,0.000,0.000000000,0.000039437,0.000009438
1574106591832,2019-11-18T14:49:51.832,0.050,-0.000001500,0.000037625,0.000008312
1574106591882,2019-11-18T14:49:51.882,0.100,-0.000002188,0.000039437,0.000009813
1574106591932,2019-11-18T14:49:51.932,0.150,-0.000000750,0.000038750,0.000008312
1574106591982,2019-11-18T14:49:51.982,0.200,-0.000001125,0.000039437,0.000008312
1574106592032,2019-11-18T14:49:52.032,0.250,0.000000000,0.000039813,0.000009813
1574106592082,2019-11-18T14:49:52.082,0.300,-0.000001500,0.000039813,0.000008687
1574106592132,2019-11-18T14:49:52.132,0.350,-0.000001500,0.000039125,0.000009062
1574106592182,2019-11-18T14:49:52.182,0.400,-0.000001813,0.000038375,0.000009062
1574106592232,2019-11-18T14:49:52.232,0.450,-0.000001813,0.000038000,0.000010563
1574106592282,2019-11-18T14:49:52.282,0.500,-0.000001813,0.000039125,0.000011312
1574106592332,2019-11-18T14:49:52.332,0.550,-0.000001813,0.000038750,0.000011312
1574106592382,2019-11-18T14:49:52.382,0.600,-0.000001813,0.000038750,0.000011312
1574106592432,2019-11-18T14:49:52.432,0.650,-0.000000750,0.000038750,0.000012438
1574106592482,2019-11-18T14:49:52.482,0.700,-0.000000375,0.000038000,0.000012813
1574106592532,2019-11-18T14:49:52.532,0.750,0.000000312,0.000038375,0.000014750
1574106592582,2019-11-18T14:49:52.582,0.800,0.000001750,0.000039437,0.000016250
1574106592632,2019-11-18T14:49:52.632,0.850,0.000003937,0.000042000,0.000017750
1574106592682,2019-11-18T14:49:52.682,0.900,0.000006125,0.000044875,0.000019250
1574106592732,2019-11-18T14:49:52.732,0.950,0.000006813,0.000045250,0.000021937
1574106592782,2019-11-18T14:49:52.782,1.000,0.000005375,0.000039813,0.000022687
1574106592832,2019-11-18T14:49:52.832,1.050,0.000002875,0.000035125,0.000023812
1574106592882,2019-11-18T14:49:52.882,1.100,0.000001438,0.000032937,0.000025312
1574106592932,2019-11-18T14:49:52.932,1.150,0.000002125,0.000032937,0.000024188
1574106592982,2019-11-18T14:49:52.982,1.200,0.000001438,0.000035125,0.000022313
1574106593032,2019-11-18T14:49:53.032,1.250,0.000001750,0.000036938,0.000020813
1574106593082,2019-11-18T14:49:53.082,1.300,0.000003250,0.000039437,0.000018125
1574106593132,2019-11-18T14:49:53.132,1.350,0.000002500,0.000039125,0.000017375
1574106593182,2019-11-18T14:49:53.182,1.400,0.000001750,0.000038375,0.000016250
1574106593232,2019-11-18T14:49:53.232,1.450,0.000001438,0.000038375,0.000014750
1574106593282,2019-11-18T14:49:53.282,1.500,-0.000001125,0.000036187,0.000012062
1574106593332,2019-11-18T14:49:53.332,1.550,-0.000003312,0.000031875,0.000012062
1574106593382,2019-11-18T14:49:53.382,1.600,-0.000004375,0.000030438,0.000012062
1574106593432,2019-11-18T14:49:53.432,1.650,-0.000003312,0.000031125,0.000013188
1574106593482,2019-11-18T14:49:53.482,1.700,-0.000003312,0.000030438,0.000014312
1574106593532,2019-11-18T14:49:53.532,1.750,-0.000001813,0.000031500,0.000016625
1574106593582,2019-11-18T14:49:53.582,1.800,-0.000000750,0.000034375,0.000018500
1574106593632,2019-11-18T14:49:53.632,1.850,0.000003937,0.000037313,0.000020000
1574106593682,2019-11-18T14:49:53.682,1.900,0.000009000,0.000043437,0.000023812
1574106593732,2019-11-18T14:49:53.732,1.950,0.000015875,0.000049250,0.000026437
1574106593782,2019-11-18T14:49:53.782,2.000,0.000020250,0.000053563,0.000026437
1574106593832,2019-11-18T14:49:53.832,2.050,0.000021313,0.000052812,0.000027563
1574106593882,2019-11-18T14:49:53.882,2.100,0.000019125,0.000051375,0.000028375
1574106593932,2019-11-18T14:49:53.932,2.150,0.000017313,0.000052500,0.000024938
1574106593982,2019-11-18T14:49:53.982,2.200,0.000017688,0.000052812,0.000024562
1574106594032,2019-11-18T14:49:54.032,2.250,0.000017688,0.000052125,0.000023062
1574106594082,2019-11-18T14:49:54.082,2.300,0.000016250,0.000052125,0.000020750
1574106594132,2019-11-18T14:49:54.132,2.350,0.000015875,0.000053563,0.000021563
1574106594182,2019-11-18T14:49:54.182,2.400,0.000013375,0.000050688,0.000019250
1574106594232,2019-11-18T14:49:54.232,2.450,0.000010438,0.000047062,0.000020000
1574106594282,2019-11-18T14:49:54.282,2.500,0.000008312,0.000043812,0.000020000
1574106594332,2019-11-18T14:49:54.332,2.550,0.000008625,0.000041625,0.000020750
1574106594382,2019-11-18T14:49:54.382,2.600,0.000009000,0.000042000,0.000022687
1574106594432,2019-11-18T14:49:54.432,2.650,0.000009375,0.000039813,0.000025687
1574106594482,2019-11-18T14:49:54.482,2.700,0.000011875,0.000041625,0.000025312
1574106594532,2019-11-18T14:49:54.532,2.750,0.000015188,0.000044875,0.000027625
1574106594582,2019-11-18T14:49:54.582,2.800,0.000020250,0.000051750,0.000027563
1574106594632,2019-11-18T14:49:54.632,2.850,0.000026750,0.000053188,0.000029125
1574106594682,2019-11-18T14:49:54.682,2.900,0.000030000,0.000054312,0.000030250
1574106594732,2019-11-18T14:49:54.732,2.950,0.000034000,0.000053937,0.000029875
1574106594782,2019-11-18T14:49:54.782,3.000,0.000037562,0.000056812,0.000029500
1574106594832,2019-11-18T14:49:54.832,3.050,0.000042312,0.000058625,0.000025687
1574106594882,2019-11-18T14:49:54.882,3.100,0.000045938,0.000062250,0.000023438
1574106594932,2019-11-18T14:49:54.932,3.150,0.000048813,0.000065875,0.000018875
1574106594982,2019-11-18T14:49:54.982,3.200,0.000048062,0.000066250,0.000020000
1574106595032,2019-11-18T14:49:55.032,3.250,0.000048438,0.000065500,0.000018875
1574106595082,2019-11-18T14:49:55.082,3.300,0.000050250,0.000065875,0.000017000
1574106595132,2019-11-18T14:49:55.132,3.350,0.000053875,0.000065125,0.000014375
1574106595182,2019-11-18T14:49:55.182,3.400,0.000059313,0.000066250,0.000014750
1574106595232,2019-11-18T14:49:55.232,3.450,0.000063625,0.000069125,0.000010937
1574106595282,2019-11-18T14:49:55.282,3.500,0.000066500,0.000070562,0.000008687
1574106595332,2019-11-18T14:49:55.332,3.550,0.000066875,0.000069813,0.000008312
1574106595382,2019-11-18T14:49:55.382,3.600,0.000067625,0.000069125,0.000006375
1574106595432,2019-11-18T14:49:55.432,3.650,0.000071938,0.000069813,0.000002625
1574106595482,2019-11-18T14:49:55.482,3.700,0.000072688,0.000069125,-0.000000750
1574106595532,2019-11-18T14:49:55.532,3.750,0.000074500,0.000067313,-0.000005625
1574106595582,2019-11-18T14:49:55.582,3.800,0.000074125,0.000068375,-0.000007938
1574106595632,2019-11-18T14:49:55.632,3.850,0.000076312,0.000068063,-0.000009813
1574106595682,2019-11-18T14:49:55.682,3.900,0.000075563,0.000067313,-0.000007562
1574106595732,2019-11-18T14:49:55.732,3.950,0.000074500,0.000067687,-0.000008312
1574106595782,2019-11-18T14:49:55.782,4.000,0.000075938,0.000065125,-0.000009438
1574106595832,2019-11-18T14:49:55.832,4.050,0.000077375,0.000064750,-0.000006750
1574106595882,2019-11-18T14:49:55.882,4.100,0.000076312,0.000063000,-0.000003375
1574106595932,2019-11-18T14:49:55.932,4.150,0.000075187,0.000062937,-0.000001500
1574106595982,2019-11-18T14:49:55.982,4.200,0.000071938,0.000061875,0.000001875
1574106596032,2019-11-18T14:49:56.032,4.250,0.000070875,0.000061188,0.000003750
1574106596082,2019-11-18T14:49:56.082,4.300,0.000068313,0.000061188,0.000005250
1574106596132,2019-11-18T14:49:56.132,4.350,0.000065438,0.000059375,0.000008312
1574106596182,2019-11-18T14:49:56.182,4.400,0.000062563,0.000057938,0.000009813
1574106596232,2019-11-18T14:49:56.232,4.450,0.000060000,0.000055375,0.000010563
1574106596282,2019-11-18T14:49:56.282,4.500,0.000057813,0.000054625,0.000009813
1574106596332,2019-11-18T14:49:56.332,4.550,0.000055687,0.000052812,0.000009813
1574106596382,2019-11-18T14:49:56.382,4.600,0.000054250,0.000053563,0.000008687
1574106596432,2019-11-18T14:49:56.432,4.650,0.000053500,0.000052812,0.000008312
1574106596482,2019-11-18T14:49:56.482,4.700,0.000053875,0.000051750,0.000006375
1574106596532,2019-11-18T14:49:56.532,4.750,0.000052062,0.000051062,0.000005625
1574106596582,2019-11-18T14:49:56.582,4.800,0.000053125,0.000051375,0.000003750
1574106596632,2019-11-18T14:49:56.632,4.850,0.000051688,0.000051375,0.000000750
1574106596682,2019-11-18T14:49:56.682,4.900,0.000053500,0.000051062,-0.000001875
1574106596732,2019-11-18T14:49:56.732,4.950,0.000051000,0.000050688,-0.000001500
1574106596782,2019-11-18T14:49:56.782,5.000,0.000052062,0.000050688,-0.000001500
1574106596832,2019-11-18T14:49:56.832,5.050,0.000052437,0.000049937,-0.000001875
1574106596882,2019-11-18T14:49:56.882,5.100,0.000053875,0.000050688,-0.000003000
1574106596932,2019-11-18T14:49:56.932,5.150,0.000053500,0.000050688,-0.000003375
1574106596982,2019-11-18T14:49:56.982,5.200,0.000053500,0.000050313,-0.000004500
1574106597032,2019-11-18T14:49:57.032,5.250,0.000053500,0.000049562,-0.000007562
1574106597082,2019-11-18T14:49:57.082,5.300,0.000052437,0.000049937,-0.000008687
1574106597132,2019-11-18T14:49:57.132,5.350,0.000051000,0.000049250,-0.000012062
1574106597182,2019-11-18T14:49:57.182,5.400,0.000051000,0.000047750,-0.000011687
1574106597232,2019-11-18T14:49:57.232,5.450,0.000050250,0.000049562,-0.000011687
1574106597282,2019-11-18T14:49:57.282,5.500,0.000050625,0.000049250,-0.000014375
1574106597332,2019-11-18T14:49:57.332,5.550,0.000049187,0.000047750,-0.000015125
1574106597382,2019-11-18T14:49:57.382,5.600,0.000048062,0.000046687,-0.000015875
1574106597432,2019-11-18T14:49:57.432,5.650,0.000047687,0.000045625,-0.000018125
1574106597482,2019-11-18T14:49:57.482,5.700,0.000045563,0.000044875,-0.000018875
1574106597532,2019-11-18T14:49:57.532,5.750,0.000045563,0.000043812,-0.000018125
1574106597582,2019-11-18T14:49:57.582,5.800,0.000048438,0.000042688,-0.000017375
1574106597632,2019-11-18T14:49:57.632,5.850,0.000048813,0.000043812,-0.000017750
1574106597682,2019-11-18T14:49:57.682,5.900,0.000047375,0.000044188,-0.000019250
1574106597732,2019-11-18T14:49:57.732,5.950,0.000046625,0.000043812,-0.000018875
1574106597782,2019-11-18T14:49:57.782,6.000,0.000042625,0.000040875,-0.000019250
1574106597832,2019-11-18T14:49:57.832,6.050,0.000041937,0.000036562,-0.000018875
1574106597882,2019-11-18T14:49:57.882,6.100,0.000041562,0.000032937,-0.000018125
1574106597932,2019-11-18T14:49:57.932,6.150,0.000040125,0.000030438,-0.000017000
1574106597982,2019-11-18T14:49:57.982,6.200,0.000035750,0.000030750,-0.000017750
1574106598032,2019-11-18T14:49:58.032,6.250,0.000035063,0.000028250,-0.000016250
1574106598082,2019-11-18T14:49:58.082,6.300,0.000033250,0.000025687,-0.000015125
1574106598132,2019-11-18T14:49:58.132,6.350,0.000033250,0.000022813,-0.000011687
1574106598182,2019-11-18T14:49:58.182,6.400,0.000033625,0.000022437,-0.000009438
1574106598232,2019-11-18T14:49:58.232,6.450,0.000034687,0.000023875,-0.000007188
1574106598282,2019-11-18T14:49:58.282,6.500,0.000033625,0.000025000,-0.000007125
1574106598332,2019-11-18T14:49:58.332,6.550,0.000033625,0.000024625,-0.000006000
1574106598382,2019-11-18T14:49:58.382,6.600,0.000032500,0.000022813,-0.000005250
1574106598432,2019-11-18T14:49:58.432,6.650,0.000034312,0.000022813,-0.000004125
1574106598482,2019-11-18T14:49:58.482,6.700,0.000037938,0.000025687,-0.000003000
1574106598532,2019-11-18T14:49:58.532,6.750,0.000038313,0.000029000,-0.000003000
1574106598582,2019-11-18T14:49:58.582,6.800,0.000038687,0.000031125,-0.000003375
1574106598632,2019-11-18T14:49:58.632,6.850,0.000039062,0.000032250,-0.000002250
1574106598682,2019-11-18T14:49:58.682,6.900,0.000040125,0.000031500,-0.000002250
1574106598732,2019-11-18T14:49:58.732,6.950,0.000043000,0.000034375,-0.000003375
1574106598782,2019-11-18T14:49:58.782,7.000,0.000045875,0.000037625,-0.000003750
1574106598832,2019-11-18T14:49:58.832,7.050,0.000046250,0.000040188,-0.000005250
1574106598882,2019-11-18T14:49:58.882,7.100,0.000047375,0.000040562,-0.000006750
1574106598932,2019-11-18T14:49:58.932,7.150,0.000049500,0.000040562,-0.000007938
1574106598982,2019-11-18T14:49:58.982,7.200,0.000051688,0.000040875,-0.000008687
1574106599032,2019-11-18T14:49:59.032,7.250,0.000053125,0.000042688,-0.000010188
1574106599082,2019-11-18T14:49:59.082,7.300,0.000053500,0.000045625,-0.000014000
1574106599132,2019-11-18T14:49:59.132,7.350,0.000056063,0.000047062,-0.000016250
1574106599182,2019-11-18T14:49:59.182,7.400,0.000056750,0.000046312,-0.000017000
1574106599232,2019-11-18T14:49:59.232,7.450,0.000058187,0.000046312,-0.000018125
1574106599282,2019-11-18T14:49:59.282,7.500,0.000060375,0.000044875,-0.000018500
1574106599332,2019-11-18T14:49:59.332,7.550,0.000064000,0.000044188,-0.000020750
1574106599382,2019-11-18T14:49:59.382,7.600,0.000064375,0.000045625,-0.000024562
1574106599432,2019-11-18T14:49:59.432,7.650,0.000066188,0.000047750,-0.000023438
1574106599482,2019-11-18T14:49:59.482,7.700,0.000066500,0.000048875,-0.000022313
1574106599532,2019-11-18T14:49:59.532,7.750,0.000065063,0.000049562,-0.000022313
1574106599582,2019-11-18T14:49:59.582,7.800,0.000066188,0.000048875,-0.000022687
1574106599632,2019-11-18T14:49:59.632,7.850,0.000066875,0.000048500,-0.000024188
1574106599682,2019-11-18T14:49:59.682,7.900,0.000066188,0.000047750,-0.000025312
1574106599732,2019-11-18T14:49:59.732,7.950,0.000065812,0.000047438,-0.000026813
1574106599782,2019-11-18T14:49:59.782,8.000,0.000065063,0.000051062,-0.000027937
1574106599832,2019-11-18T14:49:59.832,8.050,0.000065063,0.000052500,-0.000027187
1574106599882,2019-11-18T14:49:59.882,8.100,0.000063625,0.000052500,-0.000028312
1574106599932,2019-11-18T14:49:59.932,8.150,0.000060000,0.000053188,-0.000029500
1574106599982,2019-11-18T14:49:59.982,8.200,0.000055312,0.000052125,-0.000031375
1574106600032,2019-11-18T14:50:00.032,8.250,0.000052062,0.000050313,-0.000031375
1574106600082,2019-11-18T14:50:00.082,8.300,0.000048062,0.000049250,-0.000031375
1574106600132,2019-11-18T14:50:00.132,8.350,0.000041562,0.000045938,-0.000031375
1574106600182,2019-11-18T14:50:00.182,8.400,0.000037250,0.000043812,-0.000031000
1574106600232,2019-11-18T14:50:00.232,8.450,0.000035438,0.000041625,-0.000030250
1574106600282,2019-11-18T14:50:00.282,8.500,0.000033625,0.000040188,-0.000032125
1574106600332,2019-11-18T14:50:00.332,8.550,0.000031812,0.000036562,-0.000033625
1574106600382,2019-11-18T14:50:00.382,8.600,0.000031437,0.000032937,-0.000033250
1574106600432,2019-11-18T14:50:00.432,8.650,0.000029625,0.000032937,-0.000032875
1574106600482,2019-11-18T14:50:00.482,8.700,0.000029625,0.000031875,-0.000033250
1574106600532,2019-11-18T14:50:00.532,8.750,0.000029250,0.000031875,-0.000033250
1574106600582,2019-11-18T14:50:00.582,8.800,0.000026750,0.000030062,-0.000032500
1574106600632,2019-11-18T14:50:00.632,8.850,0.000026375,0.000028250,-0.000034375
1574106600682,2019-11-18T14:50:00.682,8.900,0.000026375,0.000027500,-0.000031750
1574106600732,2019-11-18T14:50:00.732,8.950,0.000025625,0.000026437,-0.000031750
1574106600782,2019-11-18T14:50:00.782,9.000,0.000023812,0.000026063,-0.000031375
1574106600832,2019-11-18T14:50:00.832,9.050,0.000022375,0.000026437,-0.000030250
1574106600882,2019-11-18T14:50:00.882,9.100,0.000023125,0.000026813,-0.000031000
1574106600932,2019-11-18T14:50:00.932,9.150,0.000020937,0.000026813,-0.000030250
1574106600982,2019-11-18T14:50:00.982,9.200,0.000019875,0.000026437,-0.000029438
1574106601032,2019-11-18T14:50:01.032,9.250,0.000018750,0.000024250,-0.000029438
1574106601082,2019-11-18T14:50:01.082,9.300,0.000019500,0.000022813,-0.000028312
1574106601132,2019-11-18T14:50:01.132,9.350,0.000019500,0.000022813,-0.000029500
1574106601182,2019-11-18T14:50:01.182,9.400,0.000021313,0.000024250,-0.000029438
1574106601232,2019-11-18T14:50:01.232,9.450,0.000021687,0.000026813,-0.000031000
1574106601282,2019-11-18T14:50:01.282,9.500,0.000023500,0.000030062,-0.000030625
1574106601332,2019-11-18T14:50:01.332,9.550,0.000025625,0.000032937,-0.000031375
1574106601382,2019-11-18T14:50:01.382,9.600,0.000026375,0.000034000,-0.000031750
1574106601432,2019-11-18T14:50:01.432,9.650,0.000025625,0.000033687,-0.000032500
1574106601482,2019-11-18T14:50:01.482,9.700,0.000026000,0.000034063,-0.000032500
1574106601532,2019-11-18T14:50:01.532,9.750,0.000027437,0.000035500,-0.000032125
1574106601582,2019-11-18T14:50:01.582,9.800,0.000027813,0.000036938,-0.000034000
1574106601632,2019-11-18T14:50:01.632,9.850,0.000031063,0.000038750,-0.000033625
1574106601682,2019-11-18T14:50:01.682,9.900,0.000034312,0.000039437,-0.000031750
1574106601732,2019-11-18T14:50:01.732,9.950,0.000035750,0.000044188,-0.000032500
1574106601782,2019-11-18T14:50:01.782,10.000,0.000037938,0.000047062,-0.000033250
1574106601832,2019-11-18T14:50:01.832,10.050,0.000038313,0.000047750,-0.000031375
1574106601882,2019-11-18T14:50:01.882,10.100,0.000039000,0.000047750,-0.000030562
1574106601932,2019-11-18T14:50:01.932,10.150,0.000040125,0.000046687,-0.000031375
1574106601982,2019-11-18T14:50:01.982,10.200,0.000040125,0.000047062,-0.000031750
1574106602032,2019-11-18T14:50:02.032,10.250,0.000042625,0.000049562,-0.000030625
1574106602082,2019-11-18T14:50:02.082,10.300,0.000042312,0.000050313,-0.000030562
1574106602132,2019-11-18T14:50:02.132,10.350,0.000041937,0.000048875,-0.000031375
1574106602182,2019-11-18T14:50:02.182,10.400,0.000039375,0.000047062,-0.000029812
1574106602232,2019-11-18T14:50:02.232,10.450,0.000038313,0.000044500,-0.000030250
1574106602282,2019-11-18T14:50:02.282,10.500,0.000037938,0.000040875,-0.000026813
1574106602332,2019-11-18T14:50:02.332,10.550,0.000034687,0.000040875,-0.000028312
1574106602382,2019-11-18T14:50:02.382,10.600,0.000032875,0.000041625,-0.000026813
1574106602432,2019-11-18T14:50:02.432,10.650,0.000032500,0.000040562,-0.000026437
1574106602482,2019-11-18T14:50:02.482,10.700,0.000030000,0.000037625,-0.000025312
1574106602532,2019-11-18T14:50:02.532,10.750,0.000030688,0.000034750,-0.000024562
1574106602582,2019-11-18T14:50:02.582,10.800,0.000030000,0.000034375,-0.000023812
1574106602632,2019-11-18T14:50:02.632,10.850,0.000030375,0.000035500,-0.000024188
1574106602682,2019-11-18T14:50:02.682,10.900,0.000029250,0.000036938,-0.000023438
1574106602732,2019-11-18T14:50:02.732,10.950,0.000028187,0.000033687,-0.000023062
1574106602782,2019-11-18T14:50:02.782,11.000,0.000028187,0.000033312,-0.000022625
1574106602832,2019-11-18T14:50:02.832,11.050,0.000030000,0.000032937,-0.000021875
1574106602882,2019-11-18T14:50:02.882,11.100,0.000032188,0.000034000,-0.000021500
1574106602932,2019-11-18T14:50:02.932,11.150,0.000032500,0.000037313,-0.000019625
1574106602982,2019-11-18T14:50:02.982,11.200,0.000033938,0.000040875,-0.000020000
1574106603032,2019-11-18T14:50:03.032,11.250,0.000032875,0.000042000,-0.000018875
1574106603082,2019-11-18T14:50:03.082,11.300,0.000033938,0.000041250,-0.000017750
1574106603132,2019-11-18T14:50:03.132,11.350,0.000033625,0.000040875,-0.000019250
1574106603182,2019-11-18T14:50:03.182,11.400,0.000035063,0.000040562,-0.000017375
1574106603232,2019-11-18T14:50:03.232,11.450,0.000035438,0.000040562,-0.000017750
1574106603282,2019-11-18T14:50:03.282,11.500,0.000038687,0.000041625,-0.000018500
1574106603332,2019-11-18T14:50:03.332,11.550,0.000039375,0.000044875,-0.000018875
1574106603382,2019-11-18T14:50:03.382,11.600,0.000041562,0.000044500,-0.000020000
1574106603432,2019-11-18T14:50:03.432,11.650,0.000041188,0.000043812,-0.000019625
1574106603482,2019-11-18T14:50:03.482,11.700,0.000040813,0.000043812,-0.000020000
1574106603532,2019-11-18T14:50:03.532,11.750,0.000041562,0.000041250,-0.000019625
1574106603582,2019-11-18T14:50:03.582,11.800,0.000041188,0.000040188,-0.000019625
1574106603632,2019-11-18T14:50:03.632,11.850,0.000040125,0.000040562,-0.000020750
1574106603682,2019-11-18T14:50:03.682,11.900,0.000038687,0.000040188,-0.000018500
1574106603732,2019-11-18T14:50:03.732,11.950,0.000036500,0.000039437,-0.000018125
1574106603782,2019-11-18T14:50:03.782,12.000,0.000035063,0.000038000,-0.000018125
1574106603832,2019-11-18T14:50:03.832,12.050,0.000034687,0.000038000,-0.000016625
1574106603882,2019-11-18T14:50:03.882,12.100,0.000034312,0.000035500,-0.000015437
1574106603932,2019-11-18T14:50:03.932,12.150,0.000033625,0.000035500,-0.000015063
1574106603982,2019-11-18T14:50:03.982,12.200,0.000031812,0.000035500,-0.000015500
1574106604032,2019-11-18T14:50:04.032,12.250,0.000033250,0.000033687,-0.000016250
1574106604082,2019-11-18T14:50:04.082,12.300,0.000032500,0.000034000,-0.000015500
1574106604132,2019-11-18T14:50:04.132,12.350,0.000031812,0.000034375,-0.000015875
1574106604182,2019-11-18T14:50:04.182,12.400,0.000032188,0.000033312,-0.000016250
1574106604232,2019-11-18T14:50:04.232,12.450,0.000032188,0.000033312,-0.000017375
1574106604282,2019-11-18T14:50:04.282,12.500,0.000034312,0.000034375,-0.000017750
1574106604332,2019-11-18T14:50:04.332,12.550,0.000032875,0.000034000,-0.000019625
1574106604382,2019-11-18T14:50:04.382,12.600,0.000032875,0.000032250,-0.000020375
1574106604432,2019-11-18T14:50:04.432,12.650,0.000032875,0.000031875,-0.000020375
1574106604482,2019-11-18T14:50:04.482,12.700,0.000032188,0.000029312,-0.000021125
1574106604532,2019-11-18T14:50:04.532,12.750,0.000032875,0.000030062,-0.000020750
1574106604582,2019-11-18T14:50:04.582,12.800,0.000031437,0.000027875,-0.000018875
1574106604632,2019-11-18T14:50:04.632,12.850,0.000029625,0.000025375,-0.000019250
1574106604682,2019-11-18T14:50:04.682,12.900,0.000028187,0.000023875,-0.000018875
1574106604732,2019-11-18T14:50:04.732,12.950,0.000027125,0.000021375,-0.000017750
1574106604782,2019-11-18T14:50:04.782,13.000,0.000026000,0.000020625,-0.000017375
1574106604832,2019-11-18T14:50:04.832,13.050,0.000026000,0.000019188,-0.000015063
1574106604882,2019-11-18T14:50:04.882,13.100,0.000024938,0.000018500,-0.000015063
1574106604932,2019-11-18T14:50:04.932,13.150,0.000026375,0.000019188,-0.000015125
1574106604982,2019-11-18T14:50:04.982,13.200,0.000026375,0.000018500,-0.000015500
1574106605032,2019-11-18T14:50:05.032,13.250,0.000027125,0.000018125,-0.000016625
1574106605082,2019-11-18T14:50:05.082,13.300,0.000027437,0.000018125,-0.000015875
1574106605132,2019-11-18T14:50:05.132,13.350,0.000027125,0.000019188,-0.000015875
1574106605182,2019-11-18T14:50:05.182,13.400,0.000026000,0.000018812,-0.000015875
1574106605232,2019-11-18T14:50:05.232,13.450,0.000027125,0.000018125,-0.000015875
1574106605282,2019-11-18T14:50:05.282,13.500,0.000026750,0.000018500,-0.000016250
1574106605332,2019-11-18T14:50:05.332,13.550,0.000027125,0.000018125,-0.000017000
1574106605382,2019-11-18T14:50:05.382,13.600,0.000027813,0.000018500,-0.000017375
1574106605432,2019-11-18T14:50:05.432,13.650,0.000027437,0.000018500,-0.000017750
1574106605482,2019-11-18T14:50:05.482,13.700,0.000028187,0.000019188,-0.000017750
1574106605532,2019-11-18T14:50:05.532,13.750,0.000028187,0.000019188,-0.000020000
1574106605582,2019-11-18T14:50:05.582,13.800,0.000027063,0.000018812,-0.000020000
1574106605632,2019-11-18T14:50:05.632,13.850,0.000027437,0.000018500,-0.000020375
1574106605682,2019-11-18T14:50:05.682,13.900,0.000027813,0.000018500,-0.000020750
1574106605732,2019-11-18T14:50:05.732,13.950,0.000027437,0.000018812,-0.000020000
1574106605782,2019-11-18T14:50:05.782,14.000,0.000026750,0.000018500,-0.000020000
1574106605832,2019-11-18T14:50:05.832,14.050,0.000027437,0.000018500,-0.000021125
1574106605882,2019-11-18T14:50:05.882,14.100,0.000027437,0.000019188,-0.000020750
1574106605932,2019-11-18T14:50:05.932,14.150,0.000026750,0.000019562,-0.000021125
1574106605982,2019-11-18T14:50:05.982,14.200,0.000026375,0.000018125,-0.000018500
1574106606032,2019-11-18T14:50:06.032,14.250,0.000025312,0.000017750,-0.000017000
1574106606082,2019-11-18T14:50:06.082,14.300,0.000023500,0.000018812,-0.000014687
1574106606132,2019-11-18T14:50:06.132,14.350,0.000026000,0.000018812,-0.000011312
1574106606182,2019-11-18T14:50:06.182,14.400,0.000024562,0.000020313,-0.000008312
1574106606232,2019-11-18T14:50:06.232,14.450,0.000025625,0.000022813,-0.000006375
1574106606282,2019-11-18T14:50:06.282,14.500,0.000027125,0.000025375,-0.000004125
1574106606332,2019-11-18T14:50:06.332,14.550,0.000027125,0.000026063,-0.000002250
1574106606382,2019-11-18T14:50:06.382,14.600,0.000030688,0.000029688,0.000000750
1574106606432,2019-11-18T14:50:06.432,14.650,0.000033250,0.000030750,0.000002250
1574106606482,2019-11-18T14:50:06.482,14.700,0.000035438,0.000032250,0.000003375
1574106606532,2019-11-18T14:50:06.532,14.750,0.000039375,0.000034375,0.000004875
1574106606582,2019-11-18T14:50:06.582,14.800,0.000043000,0.000036562,0.000005625
1574106606632,2019-11-18T14:50:06.632,14.850,0.000046250,0.000039062,0.000004500
1574106606682,2019-11-18T14:50:06.682,14.900,0.000049875,0.000040188,0.000003375
1574106606732,2019-11-18T14:50:06.732,14.950,0.000053125,0.000042000,0.000003750
1574106606782,2019-11-18T14:50:06.782,15.000,0.000055687,0.000042688,0.000002250
1574106606832,2019-11-18T14:50:06.832,15.050,0.000056750,0.000042375,0.000001500
1574106606882,2019-11-18T14:50:06.882,15.100,0.000058562,0.000043437,0.000001125
1574106606932,2019-11-18T14:50:06.932,15.150,0.000057813,0.000043063,0.000000375
1574106606982,2019-11-18T14:50:06.982,15.200,0.000058187,0.000043063,-0.000000750
1574106607032,2019-11-18T14:50:07.032,15.250,0.000057125,0.000044500,-0.000001500
1574106607082,2019-11-18T14:50:07.082,15.300,0.000056375,0.000043437,-0.000002625
1574106607132,2019-11-18T14:50:07.132,15.350,0.000053500,0.000043812,-0.000001875
1574106607182,2019-11-18T14:50:07.182,15.400,0.000052062,0.000042688,-0.000000750
1574106607232,2019-11-18T14:50:07.232,15.450,0.000049500,0.000040875,0.000000750
1574106607282,2019-11-18T14:50:07.282,15.500,0.000047687,0.000039062,0.000002625
1574106607332,2019-11-18T14:50:07.332,15.550,0.000046250,0.000037625,0.000003000
1574106607382,2019-11-18T14:50:07.382,15.600,0.000045187,0.000037313,0.000004125
1574106607432,2019-11-18T14:50:07.432,15.650,0.000043375,0.000036187,0.000005250
1574106607482,2019-11-18T14:50:07.482,15.700,0.000044125,0.000034000,0.000006750
1574106607532,2019-11-18T14:50:07.532,15.750,0.000042312,0.000034000,0.000006750
1574106607582,2019-11-18T14:50:07.582,15.800,0.000043375,0.000033312,0.000008687
1574106607632,2019-11-18T14:50:07.632,15.850,0.000043000,0.000031875,0.000009438
1574106607682,2019-11-18T14:50:07.682,15.900,0.000040813,0.000028250,0.000009438
1574106607732,2019-11-18T14:50:07.732,15.950,0.000040500,0.000027500,0.000010563
1574106607782,2019-11-18T14:50:07.782,16.000,0.000039750,0.000026813,0.000009438
1574106607832,2019-11-18T14:50:07.832,16.050,0.000039000,0.000026063,0.000009813
1574106607882,2019-11-18T14:50:07.882,16.100,0.000037938,0.000025000,0.000007938
1574106607932,2019-11-18T14:50:07.932,16.150,0.000037562,0.000025375,0.000009438
1574106607982,2019-11-18T14:50:07.982,16.200,0.000036875,0.000024250,0.000009813
1574106608032,2019-11-18T14:50:08.032,16.250,0.000038313,0.000024625,0.000008312
1574106608082,2019-11-18T14:50:08.082,16.300,0.000036875,0.000024625,0.000007125
1574106608132,2019-11-18T14:50:08.132,16.350,0.000036875,0.000023188,0.000005250
1574106608182,2019-11-18T14:50:08.182,16.400,0.000035438,0.000022813,0.000004500
1574106608232,2019-11-18T14:50:08.232,16.450,0.000035438,0.000023188,0.000003750
1574106608282,2019-11-18T14:50:08.282,16.500,0.000034312,0.000021750,0.000004500
1574106608332,2019-11-18T14:50:08.332,16.550,0.000033938,0.000021375,0.000003375
1574106608382,2019-11-18T14:50:08.382,16.600,0.000033938,0.000021000,0.000004125
1574106608432,2019-11-18T14:50:08.432,16.650,0.000033938,0.000020313,0.000005250
1574106608482,2019-11-18T14:50:08.482,16.700,0.000033250,0.000021375,0.000005250
1574106608532,2019-11-18T14:50:08.532,16.750,0.000033938,0.000021375,0.000004125
1574106608582,2019-11-18T14:50:08.582,16.800,0.000033938,0.000021375,0.000004875
1574106608632,2019-11-18T14:50:08.632,16.850,0.000035063,0.000021000,0.000006750
1574106608682,2019-11-18T14:50:08.682,16.900,0.000036500,0.000019562,0.000007125
1574106608732,2019-11-18T14:50:08.732,16.950,0.000036875,0.000019562,0.000008312
1574106608782,2019-11-18T14:50:08.782,17.000,0.000037562,0.000019562,0.000009438
1574106608832,2019-11-18T14:50:08.832,17.050,0.000037938,0.000019938,0.000009813
1574106608882,2019-11-18T14:50:08.882,17.100,0.000039750,0.000022813,0.000010188
1574106608932,2019-11-18T14:50:08.932,17.150,0.000040500,0.000023562,0.000010188
1574106608982,2019-11-18T14:50:08.982,17.200,0.000039750,0.000026063,0.000009062
1574106609032,2019-11-18T14:50:09.032,17.250,0.000040813,0.000028938,0.000007562
1574106609082,2019-11-18T14:50:09.082,17.300,0.000042312,0.000028938,0.000007938
1574106609132,2019-11-18T14:50:09.132,17.350,0.000041562,0.000029688,0.000007500
1574106609182,2019-11-18T14:50:09.182,17.400,0.000043375,0.000031500,0.000007938
1574106609232,2019-11-18T14:50:09.232,17.450,0.000043750,0.000031125,0.000007500
1574106609282,2019-11-18T14:50:09.282,17.500,0.000044063,0.000032250,0.000007125
1574106609332,2019-11-18T14:50:09.332,17.550,0.000044812,0.000033312,0.000007938
1574106609382,2019-11-18T14:50:09.382,17.600,0.000046250,0.000033687,0.000007938
1574106609432,2019-11-18T14:50:09.432,17.650,0.000047375,0.000034375,0.000008312
1574106609482,2019-11-18T14:50:09.482,17.700,0.000047687,0.000034750,0.000009438
1574106609532,2019-11-18T14:50:09.532,17.750,0.000049125,0.000034750,0.000009438
1574106609582,2019-11-18T14:50:09.582,17.800,0.000050937,0.000035125,0.000009438
1574106609632,2019-11-18T14:50:09.632,17.850,0.000053125,0.000035125,0.000010563
1574106609682,2019-11-18T14:50:09.682,17.900,0.000055687,0.000034375,0.000010937
1574106609732,2019-11-18T14:50:09.732,17.950,0.000057813,0.000033312,0.000011312
1574106609782,2019-11-18T14:50:09.782,18.000,0.000061062,0.000035125,0.000010188
1574106609832,2019-11-18T14:50:09.832,18.050,0.000063250,0.000034000,0.000009813
1574106609882,2019-11-18T14:50:09.882,18.100,0.000065812,0.000035125,0.000008312
1574106609932,2019-11-18T14:50:09.932,18.150,0.000066125,0.000037625,0.000007125
1574106609982,2019-11-18T14:50:09.982,18.200,0.000069063,0.000038000,0.000005625
1574106610032,2019-11-18T14:50:10.032,18.250,0.000069750,0.000039062,0.000003000
1574106610082,2019-11-18T14:50:10.082,18.300,0.000068313,0.000040875,0.000004125
1574106610132,2019-11-18T14:50:10.132,18.350,0.000069750,0.000040188,0.000001875
1574106610182,2019-11-18T14:50:10.182,18.400,0.000069063,0.000039813,0.000002250
1574106610232,2019-11-18T14:50:10.232,18.450,0.000070125,0.000040188,0.000002625
1574106610282,2019-11-18T14:50:10.282,18.500,0.000066875,0.000040562,0.000003000
1574106610332,2019-11-18T14:50:10.332,18.550,0.000065438,0.000039813,0.000004500
1574106610382,2019-11-18T14:50:10.382,18.600,0.000065063,0.000038750,0.000004125
1574106610432,2019-11-18T14:50:10.432,18.650,0.000063250,0.000039813,0.000006000
1574106610482,2019-11-18T14:50:10.482,18.700,0.000064375,0.000039813,0.000006750
1574106610532,2019-11-18T14:50:10.532,18.750,0.000064375,0.000040188,0.000007125
1574106610582,2019-11-18T14:50:10.582,18.800,0.000065063,0.000039062,0.000006750
1574106610632,2019-11-18T14:50:10.632,18.850,0.000066500,0.000038375,0.000007500
1574106610682,2019-11-18T14:50:10.682,18.900,0.000069063,0.000036938,0.000006375
1574106610732,2019-11-18T14:50:10.732,18.950,0.000069750,0.000037313,0.000006375
1574106610782,2019-11-18T14:50:10.782,19.000,0.000070125,0.000037625,0.000006375
1574106610832,2019-11-18T14:50:10.832,19.050,0.000070875,0.000039062,0.000006000
1574106610882,2019-11-18T14:50:10.882,19.100,0.000072312,0.000038750,0.000005625
1574106610932,2019-11-18T14:50:10.932,19.150,0.000071938,0.000039437,0.000005250
1574106610982,2019-11-18T14:50:10.982,19.200,0.000071250,0.000040188,0.000004125
1574106611032,2019-11-18T14:50:11.032,19.250,0.000070125,0.000040562,0.000004125
1574106611082,2019-11-18T14:50:11.082,19.300,0.000068687,0.000042375,0.000003750
1574106611132,2019-11-18T14:50:11.132,19.350,0.000068687,0.000043063,0.000003375
1574106611182,2019-11-18T14:50:11.182,19.400,0.000067625,0.000043812,0.000003750
1574106611232,2019-11-18T14:50:11.232,19.450,0.000068687,0.000043437,0.000002625
1574106611282,2019-11-18T14:50:11.282,19.500,0.000068687,0.000044875,0.000002250
1574106611332,2019-11-18T14:50:11.332,19.550,0.000070125,0.000043437,0.000000750
1574106611382,2019-11-18T14:50:11.382,19.600,0.000071938,0.000044188,0.000000750
1574106611432,2019-11-18T14:50:11.432,19.650,0.000071250,0.000043063,-0.000000375
1574106611482,2019-11-18T14:50:11.482,19.700,0.000072312,0.000043812,0.000001125
1574106611532,2019-11-18T14:50:11.532,19.750,0.000070125,0.000042375,0.000000000
1574106611582,2019-11-18T14:50:11.582,19.800,0.000068687,0.000042375,0.000001500
1574106611632,2019-11-18T14:50:11.632,19.850,0.000067250,0.000043812,0.000002625
1574106611682,2019-11-18T14:50:11.682,19.900,0.000066125,0.000042375,0.000005250
1574106611732,2019-11-18T14:50:11.732,19.950,0.000065438,0.000042688,0.000004500
1574106611782,2019-11-18T14:50:11.782,20.000,0.000064375,0.000042375,0.000005250
1574106611832,2019-11-18T14:50:11.832,20.050,0.000064000,0.000041250,0.000007562
1574106611882,2019-11-18T14:50:11.882,20.100,0.000063625,0.000040562,0.000007938
1574106611932,2019-11-18T14:50:11.932,20.150,0.000062875,0.000040562,0.000007938
1574106611982,2019-11-18T14:50:11.982,20.200,0.000063250,0.000040875,0.000007938
1574106612032,2019-11-18T14:50:12.032,20.250,0.000062875,0.000042000,0.000007125
1574106612082,2019-11-18T14:50:12.082,20.300,0.000062563,0.000041625,0.000006375
1574106612132,2019-11-18T14:50:12.132,20.350,0.000062563,0.000041625,0.000006750
1574106612182,2019-11-18T14:50:12.182,20.400,0.000060750,0.000042000,0.000007125
1574106612232,2019-11-18T14:50:12.232,20.450,0.000061812,0.000042375,0.000008312
1574106612282,2019-11-18T14:50:12.282,20.500,0.000058938,0.000040562,0.000010937
1574106612332,2019-11-18T14:50:12.332,20.550,0.000057125,0.000039437,0.000013937
1574106612382,2019-11-18T14:50:12.382,20.600,0.000053125,0.000037625,0.000013562
1574106612432,2019-11-18T14:50:12.432,20.650,0.000049875,0.000036938,0.000015875
1574106612482,2019-11-18T14:50:12.482,20.700,0.000045563,0.000035812,0.000016625
1574106612532,2019-11-18T14:50:12.532,20.750,0.000042312,0.000035500,0.000016250
1574106612582,2019-11-18T14:50:12.582,20.800,0.000039000,0.000034375,0.000014312
1574106612632,2019-11-18T14:50:12.632,20.850,0.000037250,0.000032937,0.000013937
1574106612682,2019-11-18T14:50:12.682,20.900,0.000035063,0.000031500,0.000013188
1574106612732,2019-11-18T14:50:12.732,20.950,0.000034312,0.000033312,0.000011687
1574106612782,2019-11-18T14:50:12.782,21.000,0.000031812,0.000031875,0.000010563
1574106612832,2019-11-18T14:50:12.832,21.050,0.000031063,0.000031125,0.000010563
1574106612882,2019-11-18T14:50:12.882,21.100,0.000028875,0.000027875,0.000010937
1574106612932,2019-11-18T14:50:12.932,21.150,0.000027125,0.000027875,0.000010188
1574106612982,2019-11-18T14:50:12.982,21.200,0.000026375,0.000025375,0.000010188
1574106613032,2019-11-18T14:50:13.032,21.250,0.000026375,0.000023562,0.000009813
1574106613082,2019-11-18T14:50:13.082,21.300,0.000026750,0.000021750,0.000008687
1574106613132,2019-11-18T14:50:13.132,21.350,0.000024188,0.000019188,0.000008687
1574106613182,2019-11-18T14:50:13.182,21.400,0.000025625,0.000017750,0.000009062
1574106613232,2019-11-18T14:50:13.232,21.450,0.000023812,0.000017375,0.000008687
1574106613282,2019-11-18T14:50:13.282,21.500,0.000024188,0.000015250,0.000007938
1574106613332,2019-11-18T14:50:13.332,21.550,0.000024188,0.000014500,0.000006000
1574106613382,2019-11-18T14:50:13.382,21.600,0.000022375,0.000014500,0.000006375
1574106613432,2019-11-18T14:50:13.432,21.650,0.000022063,0.000014125,0.000006000
1574106613482,2019-11-18T14:50:13.482,21.700,0.000022375,0.000013750,0.000004125
1574106613532,2019-11-18T14:50:13.532,21.750,0.000022063,0.000013750,0.000002625
1574106613582,2019-11-18T14:50:13.582,21.800,0.000020937,0.000013437,0.000002625
1574106613632,2019-11-18T14:50:13.632,21.850,0.000020563,0.000011937,0.000001875
1574106613682,2019-11-18T14:50:13.682,21.900,0.000020250,0.000011250,0.000000750
1574106613732,2019-11-18T14:50:13.732,21.950,0.000020250,0.000010500,-0.000000750
1574106613782,2019-11-18T14:50:13.782,22.000,0.000020250,0.000011625,-0.000001875
1574106613832,2019-11-18T14:50:13.832,22.050,0.000020563,0.000012688,-0.000002250
1574106613882,2019-11-18T14:50:13.882,22.100,0.000020563,0.000014500,-0.000004125
1574106613932,2019-11-18T14:50:13.932,22.150,0.000021313,0.000019188,-0.000006375
1574106613982,2019-11-18T14:50:13.982,22.200,0.000021313,0.000024625,-0.000008312
1574106614032,2019-11-18T14:50:14.032,22.250,0.000022750,0.000029312,-0.000009062
1574106614082,2019-11-18T14:50:14.082,22.300,0.000026375,0.000033687,-0.000012438
1574106614132,2019-11-18T14:50:14.132,22.350,0.000027813,0.000038000,-0.000013188
1574106614182,2019-11-18T14:50:14.182,22.400,0.000031437,0.000040562,-0.000013562
1574106614232,2019-11-18T14:50:14.232,22.450,0.000033938,0.000044500,-0.000015125
1574106614282,2019-11-18T14:50:14.282,22.500,0.000037250,0.000046312,-0.000015500
1574106614332,2019-11-18T14:50:14.332,22.550,0.000040500,0.000047062,-0.000017000
1574106614382,2019-11-18T14:50:14.382,22.600,0.000042312,0.000048500,-0.000017000
1574106614432,2019-11-18T14:50:14.432,22.650,0.000043375,0.000049937,-0.000018875
1574106614482,2019-11-18T14:50:14.482,22.700,0.000046625,0.000049937,-0.000018500
1574106614532,2019-11-18T14:50:14.532,22.750,0.000048438,0.000051750,-0.000018500
1574106614582,2019-11-18T14:50:14.582,22.800,0.000050625,0.000051375,-0.000017750
1574106614632,2019-11-18T14:50:14.632,22.850,0.000051313,0.000051750,-0.000017000
1574106614682,2019-11-18T14:50:14.682,22.900,0.000053125,0.000051375,-0.000016250
1574106614732,2019-11-18T14:50:14.732,22.950,0.000053500,0.000053188,-0.000015500
1574106614782,2019-11-18T14:50:14.782,23.000,0.000054563,0.000052500,-0.000015500
1574106614832,2019-11-18T14:50:14.832,23.050,0.000055312,0.000052500,-0.000013562
1574106614882,2019-11-18T14:50:14.882,23.100,0.000055687,0.000052125,-0.000014687
1574106614932,2019-11-18T14:50:14.932,23.150,0.000054563,0.000052500,-0.000013937
1574106614982,2019-11-18T14:50:14.982,23.200,0.000053875,0.000052812,-0.000013188
1574106615032,2019-11-18T14:50:15.032,23.250,0.000054563,0.000052812,-0.000012813
1574106615082,2019-11-18T14:50:15.082,23.300,0.000053500,0.000053188,-0.000014312
1574106615132,2019-11-18T14:50:15.132,23.350,0.000052750,0.000053563,-0.000013562
1574106615182,2019-11-18T14:50:15.182,23.400,0.000052437,0.000052500,-0.000012438
1574106615232,2019-11-18T14:50:15.232,23.450,0.000053500,0.000052125,-0.000012438
1574106615282,2019-11-18T14:50:15.282,23.500,0.000054250,0.000052812,-0.000014750
1574106615332,2019-11-18T14:50:15.332,23.550,0.000052750,0.000051750,-0.000015875
1574106615382,2019-11-18T14:50:15.382,23.600,0.000054250,0.000052500,-0.000018500
1574106615432,2019-11-18T14:50:15.432,23.650,0.000053500,0.000051750,-0.000019625
1574106615482,2019-11-18T14:50:15.482,23.700,0.000053875,0.000051750,-0.000019250
1574106615532,2019-11-18T14:50:15.532,23.750,0.000053500,0.000051000,-0.000018500
1574106615582,2019-11-18T14:50:15.582,23.800,0.000054563,0.000051750,-0.000017750
1574106615632,2019-11-18T14:50:15.632,23.850,0.000054563,0.000051750,-0.000017375
1574106615682,2019-11-18T14:50:15.682,23.900,0.000054250,0.000051750,-0.000017750
1574106615732,2019-11-18T14:50:15.732,23.950,0.000053125,0.000051375,-0.000016625
1574106615782,2019-11-18T14:50:15.782,24.000,0.000053875,0.000052500,-0.000015063
1574106615832,2019-11-18T14:50:15.832,24.050,0.000052437,0.000050688,-0.000013562
1574106615882,2019-11-18T14:50:15.882,24.100,0.000050250,0.000052500,-0.000011312
1574106615932,2019-11-18T14:50:15.932,24.150,0.000047000,0.000052812,-0.000008687
1574106615982,2019-11-18T14:50:15.982,24.200,0.000044438,0.000051375,-0.000007938
1574106616032,2019-11-18T14:50:16.032,24.250,0.000042312,0.000049937,-0.000004125
1574106616082,2019-11-18T14:50:16.082,24.300,0.000038687,0.000049562,-0.000004500
1574106616132,2019-11-18T14:50:16.132,24.350,0.000037938,0.000047750,-0.000003375
1574106616182,2019-11-18T14:50:16.182,24.400,0.000034687,0.000045625,-0.000002250
1574106616232,2019-11-18T14:50:16.232,24.450,0.000033625,0.000044875,-0.000002250
1574106616282,2019-11-18T14:50:16.282,24.500,0.000030688,0.000043437,-0.000001125
1574106616332,2019-11-18T14:50:16.332,24.550,0.000030375,0.000041625,-0.000001125
1574106616382,2019-11-18T14:50:16.382,24.600,0.000028187,0.000039437,0.000000375
1574106616432,2019-11-18T14:50:16.432,24.650,0.000027813,0.000039437,0.000001125
1574106616482,2019-11-18T14:50:16.482,24.700,0.000025625,0.000036938,0.000000000
1574106616532,2019-11-18T14:50:16.532,24.750,0.000025625,0.000036938,-0.000000750
1574106616582,2019-11-18T14:50:16.582,24.800,0.000024938,0.000036562,-0.000001875
1574106616632,2019-11-18T14:50:16.632,24.850,0.000025312,0.000037313,-0.000004875
1574106616682,2019-11-18T14:50:16.682,24.900,0.000024188,0.000038375,-0.000005625
1574106616732,2019-11-18T14:50:16.732,24.950,0.000025625,0.000039813,-0.000010188
1574106616782,2019-11-18T14:50:16.782,25.000,0.000025625,0.000040188,-0.000012438
1574106616832,2019-11-18T14:50:16.832,25.050,0.000027125,0.000041250,-0.000015437
1574106616882,2019-11-18T14:50:16.882,25.100,0.000028562,0.000042000,-0.000017375
1574106616932,2019-11-18T14:50:16.932,25.150,0.000028562,0.000042375,-0.000016250
1574106616982,2019-11-18T14:50:16.982,25.200,0.000028187,0.000043063,-0.000018875
1574106617032,2019-11-18T14:50:17.032,25.250,0.000028187,0.000042688,-0.000019625
1574106617082,2019-11-18T14:50:17.082,25.300,0.000027063,0.000042688,-0.000019625
1574106617132,2019-11-18T14:50:17.132,25.350,0.000026375,0.000042375,-0.000020375
1574106617182,2019-11-18T14:50:17.182,25.400,0.000025312,0.000042688,-0.000018500
1574106617232,2019-11-18T14:50:17.232,25.450,0.000024188,0.000042688,-0.000018125
1574106617282,2019-11-18T14:50:17.282,25.500,0.000025312,0.000043812,-0.000018875
1574106617332,2019-11-18T14:50:17.332,25.550,0.000024562,0.000043063,-0.000017750
1574106617382,2019-11-18T14:50:17.382,25.600,0.000025312,0.000044875,-0.000017750
1574106617432,2019-11-18T14:50:17.432,25.650,0.000023812,0.000045625,-0.000017000
1574106617482,2019-11-18T14:50:17.482,25.700,0.000025625,0.000046687,-0.000017375
1574106617532,2019-11-18T14:50:17.532,25.750,0.000025312,0.000045938,-0.000016250
1574106617582,2019-11-18T14:50:17.582,25.800,0.000024938,0.000046687,-0.000016625
1574106617632,2019-11-18T14:50:17.632,25.850,0.000023500,0.000046312,-0.000016625
1574106617682,2019-11-18T14:50:17.682,25.900,0.000023125,0.000046312,-0.000016625
1574106617732,2019-11-18T14:50:17.732,25.950,0.000023125,0.000045938,-0.000015500
1574106617782,2019-11-18T14:50:17.782,26.000,0.000023125,0.000044500,-0.000016250
1574106617832,2019-11-18T14:50:17.832,26.050,0.000021313,0.000045250,-0.000016250
1574106617882,2019-11-18T14:50:17.882,26.100,0.000022375,0.000045938,-0.000015875
1574106617932,2019-11-18T14:50:17.932,26.150,0.000021313,0.000045250,-0.000016625
1574106617982,2019-11-18T14:50:17.982,26.200,0.000022750,0.000045625,-0.000017375
1574106618032,2019-11-18T14:50:18.032,26.250,0.000024562,0.000048125,-0.000017750
1574106618082,2019-11-18T14:50:18.082,26.300,0.000026375,0.000049562,-0.000018500
1574106618132,2019-11-18T14:50:18.132,26.350,0.000028875,0.000051750,-0.000019250
1574106618182,2019-11-18T14:50:18.182,26.400,0.000030688,0.000052500,-0.000018875
1574106618232,2019-11-18T14:50:18.232,26.450,0.000032500,0.000053188,-0.000019625
1574106618282,2019-11-18T14:50:18.282,26.500,0.000035438,0.000055375,-0.000021125
1574106618332,2019-11-18T14:50:18.332,26.550,0.000035750,0.000056812,-0.000020750
1574106618382,2019-11-18T14:50:18.382,26.600,0.000037250,0.000057187,-0.000020375
1574106618432,2019-11-18T14:50:18.432,26.650,0.000037250,0.000057187,-0.000021125
1574106618482,2019-11-18T14:50:18.482,26.700,0.000036125,0.000057563,-0.000020000
1574106618532,2019-11-18T14:50:18.532,26.750,0.000036125,0.000059000,-0.000020000
1574106618582,2019-11-18T14:50:18.582,26.800,0.000036875,0.000058625,-0.000019250
1574106618632,2019-11-18T14:50:18.632,26.850,0.000037562,0.000060813,-0.000018125
1574106618682,2019-11-18T14:50:18.682,26.900,0.000038687,0.000060438,-0.000016625
1574106618732,2019-11-18T14:50:18.732,26.950,0.000040813,0.000061500,-0.000017375
1574106618782,2019-11-18T14:50:18.782,27.000,0.000041937,0.000062250,-0.000017375
1574106618832,2019-11-18T14:50:18.832,27.050,0.000043750,0.000062625,-0.000017000
1574106618882,2019-11-18T14:50:18.882,27.100,0.000046625,0.000063313,-0.000019625
1574106618932,2019-11-18T14:50:18.932,27.150,0.000048813,0.000062937,-0.000021500
1574106618982,2019-11-18T14:50:18.982,27.200,0.000052062,0.000064750,-0.000020750
1574106619032,2019-11-18T14:50:19.032,27.250,0.000054563,0.000063687,-0.000022250
1574106619082,2019-11-18T14:50:19.082,27.300,0.000056063,0.000064750,-0.000023438
1574106619132,2019-11-18T14:50:19.132,27.350,0.000057500,0.000064750,-0.000023000
1574106619182,2019-11-18T14:50:19.182,27.400,0.000056750,0.000064750,-0.000023812
1574106619232,2019-11-18T14:50:19.232,27.450,0.000057500,0.000064438,-0.000024188
1574106619282,2019-11-18T14:50:19.282,27.500,0.000060000,0.000064063,-0.000024188
1574106619332,2019-11-18T14:50:19.332,27.550,0.000059625,0.000063313,-0.000024562
1574106619382,2019-11-18T14:50:19.382,27.600,0.000058938,0.000065125,-0.000027187
1574106619432,2019-11-18T14:50:19.432,27.650,0.000059313,0.000064438,-0.000028688
1574106619482,2019-11-18T14:50:19.482,27.700,0.000060000,0.000065125,-0.000029062
1574106619532,2019-11-18T14:50:19.532,27.750,0.000060375,0.000064438,-0.000029812
1574106619582,2019-11-18T14:50:19.582,27.800,0.000062875,0.000064750,-0.000031375
1574106619632,2019-11-18T14:50:19.632,27.850,0.000062188,0.000064438,-0.000031000
1574106619682,2019-11-18T14:50:19.682,27.900,0.000064000,0.000064750,-0.000030562
1574106619732,2019-11-18T14:50:19.732,27.950,0.000064000,0.000065125,-0.000030625
1574106619782,2019-11-18T14:50:19.782,28.000,0.000065812,0.000065125,-0.000028688
1574106619832,2019-11-18T14:50:19.832,28.050,0.000067250,0.000065875,-0.000028312
1574106619882,2019-11-18T14:50:19.882,28.100,0.000066500,0.000065125,-0.000028312
1574106619932,2019-11-18T14:50:19.932,28.150,0.000067250,0.000065500,-0.000029438
1574106619982,2019-11-18T14:50:19.982,28.200,0.000065812,0.000066562,-0.000030250
1574106620032,2019-11-18T14:50:20.032,28.250,0.000064000,0.000066562,-0.000029438
1574106620082,2019-11-18T14:50:20.082,28.300,0.000061438,0.000065875,-0.000032500
1574106620132,2019-11-18T14:50:20.132,28.350,0.000058187,0.000067313,-0.000030937
1574106620182,2019-11-18T14:50:20.182,28.400,0.000054563,0.000067687,-0.000030188
1574106620232,2019-11-18T14:50:20.232,28.450,0.000048813,0.000065875,-0.000031312
1574106620282,2019-11-18T14:50:20.282,28.500,0.000043375,0.000066188,-0.000029438
1574106620332,2019-11-18T14:50:20.332,28.550,0.000040125,0.000065500,-0.000026437
1574106620382,2019-11-18T14:50:20.382,28.600,0.000037562,0.000064438,-0.000024188
1574106620432,2019-11-18T14:50:20.432,28.650,0.000033938,0.000063313,-0.000024938
1574106620482,2019-11-18T14:50:20.482,28.700,0.000028187,0.000060813,-0.000023000
1574106620532,2019-11-18T14:50:20.532,28.750,0.000023500,0.000057563,-0.000022250
1574106620582,2019-11-18T14:50:20.582,28.800,0.000019125,0.000052812,-0.000023000
1574106620632,2019-11-18T14:50:20.632,28.850,0.000015188,0.000049562,-0.000025687
1574106620682,2019-11-18T14:50:20.682,28.900,0.000011875,0.000047062,-0.000024938
1574106620732,2019-11-18T14:50:20.732,28.950,0.000010125,0.000044500,-0.000025312
1574106620782,2019-11-18T14:50:20.782,29.000,0.000007562,0.000042000,-0.000025687
1574106620832,2019-11-18T14:50:20.832,29.050,0.000007188,0.000040188,-0.000026813
1574106620882,2019-11-18T14:50:20.882,29.100,0.000006500,0.000039062,-0.000027187
1574106620932,2019-11-18T14:50:20.932,29.150,0.000005750,0.000037625,-0.000027187
1574106620982,2019-11-18T14:50:20.982,29.200,0.000004688,0.000037625,-0.000027563
1574106621032,2019-11-18T14:50:21.032,29.250,0.000005062,0.000037625,-0.000027563
1574106621082,2019-11-18T14:50:21.082,29.300,0.000005062,0.000036938,-0.000025687
1574106621132,2019-11-18T14:50:21.132,29.350,0.000003563,0.000035500,-0.000025312
1574106621182,2019-11-18T14:50:21.182,29.400,0.000004313,0.000036938,-0.000024188
1574106621232,2019-11-18T14:50:21.232,29.450,0.000005375,0.000041625,-0.000023812
1574106621282,2019-11-18T14:50:21.282,29.500,0.000007562,0.000046687,-0.000023062
1574106621332,2019-11-18T14:50:21.332,29.550,0.000009000,0.000048125,-0.000023438
1574106621382,2019-11-18T14:50:21.382,29.600,0.000010125,0.000049937,-0.000019250
1574106621432,2019-11-18T14:50:21.432,29.650,0.000010438,0.000051750,-0.000016250
1574106621482,2019-11-18T14:50:21.482,29.700,0.000012250,0.000053563,-0.000015875
1574106621532,2019-11-18T14:50:21.532,29.750,0.000013375,0.000053937,-0.000013188
1574106621582,2019-11-18T14:50:21.582,29.800,0.000015875,0.000057563,-0.000010937
1574106621632,2019-11-18T14:50:21.632,29.850,0.000018750,0.000059687,-0.000011312
1574106621682,2019-11-18T14:50:21.682,29.900,0.000020937,0.000061875,-0.000009813
1574106621732,2019-11-18T14:50:21.732,29.950,0.000022375,0.000063313,-0.000010563
1574106621782,2019-11-18T14:50:21.782,30.000,0.000027125,0.000066938,-0.000011312
1574106621832,2019-11-18T14:50:21.832,30.050,0.000028562,0.000068375,-0.000011312
1574106621882,2019-11-18T14:50:21.882,30.100,0.000030375,0.000070562,-0.000012813
1574106621932,2019-11-18T14:50:21.932,30.150,0.000031812,0.000071625,-0.000014687
1574106621982,2019-11-18T14:50:21.982,30.200,0.000035750,0.000073437,-0.000015875
1574106622032,2019-11-18T14:50:22.032,30.250,0.000042312,0.000074875,-0.000015500
1574106622082,2019-11-18T14:50:22.082,30.300,0.000050250,0.000076688,-0.000017375
1574106622132,2019-11-18T14:50:22.132,30.350,0.000053125,0.000076375,-0.000017375
1574106622182,2019-11-18T14:50:22.182,30.400,0.000057500,0.000076375,-0.000016625
1574106622232,2019-11-18T14:50:22.232,30.450,0.000059625,0.000076375,-0.000016250
1574106622282,2019-11-18T14:50:22.282,30.500,0.000062875,0.000075625,-0.000016625
1574106622332,2019-11-18T14:50:22.332,30.550,0.000064375,0.000076688,-0.000016625
1574106622382,2019-11-18T14:50:22.382,30.600,0.000067250,0.000076688,-0.000017750
1574106622432,2019-11-18T14:50:22.432,30.650,0.000070500,0.000076375,-0.000015875
1574106622482,2019-11-18T14:50:22.482,30.700,0.000071250,0.000076000,-0.000015875
1574106622532,2019-11-18T14:50:22.532,30.750,0.000072312,0.000076375,-0.000016250
1574106622582,2019-11-18T14:50:22.582,30.800,0.000071938,0.000076375,-0.000013562
1574106622632,2019-11-18T14:50:22.632,30.850,0.000070875,0.000076688,-0.000010563
1574106622682,2019-11-18T14:50:22.682,30.900,0.000071250,0.000077438,-0.000010188
1574106622732,2019-11-18T14:50:22.732,30.950,0.000070875,0.000076375,-0.000008687
1574106622782,2019-11-18T14:50:22.782,31.000,0.000068313,0.000076688,-0.000010563
1574106622832,2019-11-18T14:50:22.832,31.050,0.000067938,0.000077813,-0.000011312
1574106622882,2019-11-18T14:50:22.882,31.100,0.000069063,0.000077438,-0.000013562
1574106622932,2019-11-18T14:50:22.932,31.150,0.000067625,0.000077438,-0.000014312
1574106622982,2019-11-18T14:50:22.982,31.200,0.000066500,0.000078500,-0.000013562
1574106623032,2019-11-18T14:50:23.032,31.250,0.000065063,0.000078500,-0.000014312
1574106623082,2019-11-18T14:50:23.082,31.300,0.000062875,0.000078875,-0.000013188
1574106623132,2019-11-18T14:50:23.132,31.350,0.000066500,0.000078875,-0.000012813
1574106623182,2019-11-18T14:50:23.182,31.400,0.000066500,0.000078875,-0.000013188
1574106623232,2019-11-18T14:50:23.232,31.450,0.000067938,0.000078125,-0.000012062
1574106623282,2019-11-18T14:50:23.282,31.500,0.000068313,0.000078125,-0.000012062
1574106623332,2019-11-18T14:50:23.332,31.550,0.000067625,0.000078500,-0.000011687
1574106623382,2019-11-18T14:50:23.382,31.600,0.000065063,0.000079250,-0.000013188
1574106623432,2019-11-18T14:50:23.432,31.650,0.000058562,0.000077813,-0.000017000
1574106623482,2019-11-18T14:50:23.482,31.700,0.000052750,0.000077813,-0.000020750
1574106623532,2019-11-18T14:50:23.532,31.750,0.000043750,0.000076688,-0.000022250
1574106623582,2019-11-18T14:50:23.582,31.800,0.000038687,0.000075625,-0.000019625
1574106623632,2019-11-18T14:50:23.632,31.850,0.000036125,0.000073437,-0.000016250
1574106623682,2019-11-18T14:50:23.682,31.900,0.000036500,0.000074187,-0.000010188
1574106623732,2019-11-18T14:50:23.732,31.950,0.000036875,0.000074563,-0.000007500
1574106623782,2019-11-18T14:50:23.782,32.000,0.000036500,0.000074187,-0.000006375
1574106623832,2019-11-18T14:50:23.832,32.050,0.000036500,0.000073063,-0.000003750
1574106623882,2019-11-18T14:50:23.882,32.100,0.000038313,0.000073063,-0.000002250
1574106623932,2019-11-18T14:50:23.932,32.150,0.000038313,0.000073063,-0.000003375
1574106623982,2019-11-18T14:50:23.982,32.200,0.000037250,0.000073063,-0.000005250
1574106624032,2019-11-18T14:50:24.032,32.250,0.000035438,0.000073437,-0.000006000
1574106624082,2019-11-18T14:50:24.082,32.300,0.000032188,0.000073063,-0.000009438
1574106624132,2019-11-18T14:50:24.132,32.350,0.000027437,0.000070562,-0.000009438
1574106624182,2019-11-18T14:50:24.182,32.400,0.000025312,0.000069125,-0.000011312
1574106624232,2019-11-18T14:50:24.232,32.450,0.000021687,0.000068000,-0.000011687
1574106624282,2019-11-18T14:50:24.282,32.500,0.000019875,0.000065875,-0.000013188
1574106624332,2019-11-18T14:50:24.332,32.550,0.000016937,0.000064750,-0.000013937
1574106624382,2019-11-18T14:50:24.382,32.600,0.000016250,0.000062625,-0.000015125
1574106624432,2019-11-18T14:50:24.432,32.650,0.000015500,0.000062625,-0.000017375
1574106624482,2019-11-18T14:50:24.482,32.700,0.000013000,0.000059375,-0.000017750
1574106624532,2019-11-18T14:50:24.532,32.750,0.000011187,0.000055750,-0.000017375
1574106624582,2019-11-18T14:50:24.582,32.800,0.000008312,0.000054625,-0.000019250
1574106624632,2019-11-18T14:50:24.632,32.850,0.000009375,0.000056438,-0.000018125
1574106624682,2019-11-18T14:50:24.682,32.900,0.000008625,0.000055375,-0.000017000
1574106624732,2019-11-18T14:50:24.732,32.950,0.000008625,0.000054312,-0.000017750
1574106624782,2019-11-18T14:50:24.782,33.000,0.000006813,0.000052500,-0.000017375
1574106624832,2019-11-18T14:50:24.832,33.050,0.000009375,0.000052812,-0.000014312
1574106624882,2019-11-18T14:50:24.882,33.100,0.000010812,0.000055375,-0.000012813
1574106624932,2019-11-18T14:50:24.932,33.150,0.000013000,0.000057875,-0.000009062
1574106624982,2019-11-18T14:50:24.982,33.200,0.000014437,0.000060438,-0.000008312
1574106625032,2019-11-18T14:50:25.032,33.250,0.000016937,0.000061500,-0.000007938
1574106625082,2019-11-18T14:50:25.082,33.300,0.000017313,0.000061875,-0.000007125
1574106625132,2019-11-18T14:50:25.132,33.350,0.000019500,0.000064438,-0.000006000
1574106625182,2019-11-18T14:50:25.182,33.400,0.000022375,0.000066250,-0.000004500
1574106625232,2019-11-18T14:50:25.232,33.450,0.000024562,0.000066938,-0.000001875
1574106625282,2019-11-18T14:50:25.282,33.500,0.000027437,0.000066938,-0.000000750
1574106625332,2019-11-18T14:50:25.332,33.550,0.000029250,0.000066562,0.000000750
1574106625382,2019-11-18T14:50:25.382,33.600,0.000030375,0.000066188,0.000000750
1574106625432,2019-11-18T14:50:25.432,33.650,0.000029625,0.000068750,0.000001500
1574106625482,2019-11-18T14:50:25.482,33.700,0.000032188,0.000068750,0.000000750
1574106625532,2019-11-18T14:50:25.532,33.750,0.000031437,0.000068750,-0.000002250
1574106625582,2019-11-18T14:50:25.582,33.800,0.000031437,0.000069500,-0.000002250
1574106625632,2019-11-18T14:50:25.632,33.850,0.000031812,0.000070188,-0.000002625
1574106625682,2019-11-18T14:50:25.682,33.900,0.000031812,0.000068000,-0.000000750
1574106625732,2019-11-18T14:50:25.732,33.950,0.000027437,0.000064063,-0.000001500
1574106625782,2019-11-18T14:50:25.782,34.000,0.000024188,0.000061875,-0.000001125
1574106625832,2019-11-18T14:50:25.832,34.050,0.000023125,0.000060062,-0.000001875
1574106625882,2019-11-18T14:50:25.882,34.100,0.000023125,0.000060438,-0.000002625
1574106625932,2019-11-18T14:50:25.932,34.150,0.000022375,0.000058250,-0.000002625
1574106625982,2019-11-18T14:50:25.982,34.200,0.000023500,0.000059000,-0.000000750
1574106626032,2019-11-18T14:50:26.032,34.250,0.000023125,0.000058250,-0.000000750
1574106626082,2019-11-18T14:50:26.082,34.300,0.000022375,0.000057875,-0.000001500
1574106626132,2019-11-18T14:50:26.132,34.350,0.000022000,0.000057563,-0.000002250
1574106626182,2019-11-18T14:50:26.182,34.400,0.000023125,0.000058625,-0.000002250
1574106626232,2019-11-18T14:50:26.232,34.450,0.000023125,0.000057875,-0.000002250
1574106626282,2019-11-18T14:50:26.282,34.500,0.000023500,0.000058625,-0.000001125
1574106626332,2019-11-18T14:50:26.332,34.550,0.000025625,0.000060438,-0.000003000
1574106626382,2019-11-18T14:50:26.382,34.600,0.000029625,0.000061875,-0.000002250
1574106626432,2019-11-18T14:50:26.432,34.650,0.000033250,0.000064750,-0.000002250
1574106626482,2019-11-18T14:50:26.482,34.700,0.000039750,0.000067313,-0.000001875
1574106626532,2019-11-18T14:50:26.532,34.750,0.000044812,0.000069813,-0.000001875
1574106626582,2019-11-18T14:50:26.582,34.800,0.000047000,0.000070188,-0.000003000
1574106626632,2019-11-18T14:50:26.632,34.850,0.000050625,0.000072750,-0.000001500
1574106626682,2019-11-18T14:50:26.682,34.900,0.000052062,0.000072375,-0.000001875
1574106626732,2019-11-18T14:50:26.732,34.950,0.000052437,0.000071312,-0.000001875
1574106626782,2019-11-18T14:50:26.782,35.000,0.000053125,0.000071625,0.000000000
1574106626832,2019-11-18T14:50:26.832,35.050,0.000052750,0.000071312,-0.000001125
1574106626882,2019-11-18T14:50:26.882,35.100,0.000053500,0.000072375,0.000000000
1574106626932,2019-11-18T14:50:26.932,35.150,0.000053875,0.000071625,-0.000000750
1574106626982,2019-11-18T14:50:26.982,35.200,0.000053875,0.000072375,-0.000000375
1574106627032,2019-11-18T14:50:27.032,35.250,0.000052062,0.000072375,0.000001500
1574106627082,2019-11-18T14:50:27.082,35.300,0.000049500,0.000070188,0.000001875
1574106627132,2019-11-18T14:50:27.132,35.350,0.000045187,0.000068000,0.000003000
1574106627182,2019-11-18T14:50:27.182,35.400,0.000041937,0.000065875,0.000004875
1574106627232,2019-11-18T14:50:27.232,35.450,0.000038687,0.000064438,0.000004500
1574106627282,2019-11-18T14:50:27.282,35.500,0.000036500,0.000064750,0.000004875
1574106627332,2019-11-18T14:50:27.332,35.550,0.000036125,0.000063313,0.000004125
1574106627382,2019-11-18T14:50:27.382,35.600,0.000033625,0.000061875,0.000003375
1574106627432,2019-11-18T14:50:27.432,35.650,0.000033250,0.000062625,0.000004875
1574106627482,2019-11-18T14:50:27.482,35.700,0.000033625,0.000061125,0.000004875
1574106627532,2019-11-18T14:50:27.532,35.750,0.000033625,0.000061500,0.000004500
1574106627582,2019-11-18T14:50:27.582,35.800,0.000035063,0.000061875,0.000004125
1574106627632,2019-11-18T14:50:27.632,35.850,0.000033625,0.000062625,0.000004125
1574106627682,2019-11-18T14:50:27.682,35.900,0.000035063,0.000062250,0.000004875
1574106627732,2019-11-18T14:50:27.732,35.950,0.000034687,0.000061125,0.000004125
1574106627782,2019-11-18T14:50:27.782,36.000,0.000035063,0.000061500,0.000004875
1574106627832,2019-11-18T14:50:27.832,36.050,0.000035438,0.000061875,0.000004125
1574106627882,2019-11-18T14:50:27.882,36.100,0.000034687,0.000061875,0.000004500
1574106627932,2019-11-18T14:50:27.932,36.150,0.000034687,0.000062250,0.000005250
1574106627982,2019-11-18T14:50:27.982,36.200,0.000035438,0.000061875,0.000004500
1574106628032,2019-11-18T14:50:28.032,36.250,0.000035063,0.000061500,0.000003375
1574106628082,2019-11-18T14:50:28.082,36.300,0.000034687,0.000061875,0.000003750
1574106628132,2019-11-18T14:50:28.132,36.350,0.000035063,0.000063313,0.000003750
1574106628182,2019-11-18T14:50:28.182,36.400,0.000035063,0.000063313,0.000000750
1574106628232,2019-11-18T14:50:28.232,36.450,0.000036125,0.000064063,0.000000750
1574106628282,2019-11-18T14:50:28.282,36.500,0.000034687,0.000063687,-0.000000750
1574106628332,2019-11-18T14:50:28.332,36.550,0.000034687,0.000064750,-0.000001875
1574106628382,2019-11-18T14:50:28.382,36.600,0.000035063,0.000065125,-0.000002250
1574106628432,2019-11-18T14:50:28.432,36.650,0.000035750,0.000064063,-0.000003000
1574106628482,2019-11-18T14:50:28.482,36.700,0.000033625,0.000063313,-0.000001875
1574106628532,2019-11-18T14:50:28.532,36.750,0.000033625,0.000063687,-0.000001875
1574106628582,2019-11-18T14:50:28.582,36.800,0.000033250,0.000062250,-0.000003000
1574106628632,2019-11-18T14:50:28.632,36.850,0.000032875,0.000063313,-0.000001125
1574106628682,2019-11-18T14:50:28.682,36.900,0.000032500,0.000062625,-0.000001500
1574106628732,2019-11-18T14:50:28.732,36.950,0.000032188,0.000064063,0.000000000
1574106628782,2019-11-18T14:50:28.782,37.000,0.000031437,0.000064063,0.000000000
1574106628832,2019-11-18T14:50:28.832,37.050,0.000032500,0.000062625,0.000000375
1574106628882,2019-11-18T14:50:28.882,37.100,0.000031812,0.000063313,0.000001500
1574106628932,2019-11-18T14:50:28.932,37.150,0.000032188,0.000063313,0.000002250
1574106628982,2019-11-18T14:50:28.982,37.200,0.000032500,0.000064063,0.000004125
1574106629032,2019-11-18T14:50:29.032,37.250,0.000035438,0.000064438,0.000003375
1574106629082,2019-11-18T14:50:29.082,37.300,0.000034687,0.000066250,0.000004125
1574106629132,2019-11-18T14:50:29.132,37.350,0.000037250,0.000065500,0.000004500
1574106629182,2019-11-18T14:50:29.182,37.400,0.000038313,0.000066250,0.000003750
1574106629232,2019-11-18T14:50:29.232,37.450,0.000040500,0.000067313,0.000004125
1574106629282,2019-11-18T14:50:29.282,37.500,0.000040813,0.000068000,0.000005250
1574106629332,2019-11-18T14:50:29.332,37.550,0.000043375,0.000068000,0.000006750
1574106629382,2019-11-18T14:50:29.382,37.600,0.000046250,0.000067687,0.000006750
1574106629432,2019-11-18T14:50:29.432,37.650,0.000047000,0.000068000,0.000006000
1574106629482,2019-11-18T14:50:29.482,37.700,0.000048062,0.000068750,0.000004875
1574106629532,2019-11-18T14:50:29.532,37.750,0.000049500,0.000068375,0.000004875
1574106629582,2019-11-18T14:50:29.582,37.800,0.000050937,0.000068750,0.000003000
1574106629632,2019-11-18T14:50:29.632,37.850,0.000049875,0.000069125,0.000002250
1574106629682,2019-11-18T14:50:29.682,37.900,0.000050625,0.000069500,0.000003000
1574106629732,2019-11-18T14:50:29.732,37.950,0.000048813,0.000067687,0.000002625
1574106629782,2019-11-18T14:50:29.782,38.000,0.000047687,0.000067687,0.000002625
1574106629832,2019-11-18T14:50:29.832,38.050,0.000048062,0.000067313,0.000002250
1574106629882,2019-11-18T14:50:29.882,38.100,0.000046625,0.000068000,0.000002625
1574106629932,2019-11-18T14:50:29.932,38.150,0.000046625,0.000067687,0.000002250
1574106629982,2019-11-18T14:50:29.982,38.200,0.000048062,0.000068000,0.000000750
1574106630032,2019-11-18T14:50:30.032,38.250,0.000047375,0.000066562,0.000001500
1574106630082,2019-11-18T14:50:30.082,38.300,0.000048813,0.000067687,0.000001875
1574106630132,2019-11-18T14:50:30.132,38.350,0.000049500,0.000066938,0.000001875
